-- Funcionarios
INSERT INTO Pessoa_tb (CPF, nome, idade) VALUES ('12345678901', 'João Silva', 25);
INSERT INTO Pessoa_tb (CPF, nome, idade) VALUES ('23456789012', 'Maria Santos', 35);
INSERT INTO Pessoa_tb (CPF, nome, idade) VALUES ('34567890123', 'José Souza', 42);
INSERT INTO Pessoa_tb (CPF, nome, idade) VALUES ('45678901234', 'Ana Oliveira', 29);
INSERT INTO Pessoa_tb (CPF, nome, idade) VALUES ('56789012345', 'Pedro Almeida', 18);
INSERT INTO Pessoa_tb (CPF, nome, idade) VALUES ('67890123456', 'Mariana Costa', 27);
INSERT INTO Pessoa_tb (CPF, nome, idade) VALUES ('78901234567', 'Lucas Pereira', 31);
INSERT INTO Pessoa_tb (CPF, nome, idade) VALUES ('89012345678', 'Camila Fernandes', 23);
INSERT INTO Pessoa_tb (CPF, nome, idade) VALUES ('90123456789', 'Rafaela Santos', 39);
-- Clientes
INSERT INTO Pessoa_tb (CPF, nome, idade) VALUES ('01234567890', 'Vinícius Alves', 20);
INSERT INTO Pessoa_tb (CPF, nome, idade) VALUES ('10234567891', 'Fernando Silva', 46);
INSERT INTO Pessoa_tb (CPF, nome, idade) VALUES ('11234567892', 'Júlia Santos', 28);
INSERT INTO Pessoa_tb (CPF, nome, idade) VALUES ('12234567893', 'Paulo Souza', 33);
INSERT INTO Pessoa_tb (CPF, nome, idade) VALUES ('13234567894', 'Natália Oliveira', 26);
INSERT INTO Pessoa_tb (CPF, nome, idade) VALUES ('14234567895', 'Luciana Almeida', 37);
INSERT INTO Pessoa_tb (CPF, nome, idade) VALUES ('15234567896', 'Diego Costa', 22);
INSERT INTO Pessoa_tb (CPF, nome, idade) VALUES ('16234567897', 'Carla Fernandes', 41);
INSERT INTO Pessoa_tb (CPF, nome, idade) VALUES ('17234567898', 'Roberto Santos', 30);
INSERT INTO Pessoa_tb (CPF, nome, idade) VALUES ('18234567899', 'Renata Pereira', 36);
INSERT INTO Pessoa_tb (CPF, nome, idade) VALUES ('19234567900', 'Luiza Alves', 24);
INSERT INTO Pessoa_tb (CPF, nome, idade) VALUES ('20234567901', 'Juliana Silva', 45);
INSERT INTO Pessoa_tb (CPF, nome, idade) VALUES ('21234567902', 'Vitor Souza', 21);
INSERT INTO Pessoa_tb (CPF, nome, idade) VALUES ('22234567903', 'Marcela Oliveira', 32);
INSERT INTO Pessoa_tb (CPF, nome, idade) VALUES ('23234567904', 'Fábio Almeida', 38);
INSERT INTO Pessoa_tb (CPF, nome, idade) VALUES ('24234567905', 'Bianca Costa', 19);


INSERT INTO Telefone (CPF, Contato) VALUES ('12345678901', '(11) 99999-0001');
INSERT INTO Telefone (CPF, Contato) VALUES ('23456789012', '(11) 99999-0002');
INSERT INTO Telefone (CPF, Contato) VALUES ('34567890123', '(11) 99999-0003');
INSERT INTO Telefone (CPF, Contato) VALUES ('45678901234', '(11) 99999-0004');
INSERT INTO Telefone (CPF, Contato) VALUES ('56789012345', '(11) 99999-0005');
INSERT INTO Telefone (CPF, Contato) VALUES ('67890123456', '(11) 99999-0006');
INSERT INTO Telefone (CPF, Contato) VALUES ('78901234567', '(11) 99999-0007');
INSERT INTO Telefone (CPF, Contato) VALUES ('89012345678', '(11) 99999-0008');
INSERT INTO Telefone (CPF, Contato) VALUES ('90123456789', '(11) 99999-0009');
INSERT INTO Telefone (CPF, Contato) VALUES ('01234567890', '(11) 99999-0010');
INSERT INTO Telefone (CPF, Contato) VALUES ('10234567891', '(11) 99999-0011');
INSERT INTO Telefone (CPF, Contato) VALUES ('11234567892', '(11) 99999-0012');
INSERT INTO Telefone (CPF, Contato) VALUES ('12234567893', '(11) 99999-0013');
INSERT INTO Telefone (CPF, Contato) VALUES ('13234567894', '(11) 99999-0014');
INSERT INTO Telefone (CPF, Contato) VALUES ('14234567895', '(11) 99999-0015');
INSERT INTO Telefone (CPF, Contato) VALUES ('15234567896', '(11) 99999-0016');
INSERT INTO Telefone (CPF, Contato) VALUES ('16234567897', '(11) 99999-0017');
INSERT INTO Telefone (CPF, Contato) VALUES ('17234567898', '(11) 99999-0018');
INSERT INTO Telefone (CPF, Contato) VALUES ('18234567899', '(11) 99999-0019');
INSERT INTO Telefone (CPF, Contato) VALUES ('19234567900', '(11) 99999-0020');
INSERT INTO Telefone (CPF, Contato) VALUES ('20234567901', '(11) 99999-0021');
INSERT INTO Telefone (CPF, Contato) VALUES ('21234567902', '(11) 99999-0022');
INSERT INTO Telefone (CPF, Contato) VALUES ('22234567903', '(11) 99999-0023');
INSERT INTO Telefone (CPF, Contato) VALUES ('23234567904', '(11) 99999-0024');
INSERT INTO Telefone (CPF, Contato) VALUES ('24234567905', '(11) 99999-0025');

INSERT INTO CEP (cep, rua, cidade) VALUES ('12345000', 'Rua A', 'São Paulo');
INSERT INTO CEP (cep, rua, cidade) VALUES ('12345001', 'Rua B', 'São Paulo');
INSERT INTO CEP (cep, rua, cidade) VALUES ('12345002', 'Rua C', 'São Paulo');
INSERT INTO CEP (cep, rua, cidade) VALUES ('12345003', 'Rua D', 'São Paulo');
INSERT INTO CEP (cep, rua, cidade) VALUES ('12345004', 'Rua E', 'São Paulo');
INSERT INTO CEP (cep, rua, cidade) VALUES ('12345005', 'Rua F', 'São Paulo');
INSERT INTO CEP (cep, rua, cidade) VALUES ('12345006', 'Rua G', 'São Paulo');
INSERT INTO CEP (cep, rua, cidade) VALUES ('12345007', 'Rua H', 'São Paulo');
INSERT INTO CEP (cep, rua, cidade) VALUES ('12345008', 'Rua I', 'São Paulo');
INSERT INTO CEP (cep, rua, cidade) VALUES ('12345009', 'Rua J', 'São Paulo');
INSERT INTO CEP (cep, rua, cidade) VALUES ('12345010', 'Rua K', 'São Paulo');
INSERT INTO CEP (cep, rua, cidade) VALUES ('12345011', 'Rua L', 'São Paulo');
INSERT INTO CEP (cep, rua, cidade) VALUES ('12345012', 'Rua M', 'São Paulo');
INSERT INTO CEP (cep, rua, cidade) VALUES ('12345013', 'Rua N', 'São Paulo');
INSERT INTO CEP (cep, rua, cidade) VALUES ('12345014', 'Rua O', 'São Paulo');
INSERT INTO CEP (cep, rua, cidade) VALUES ('12345015', 'Rua P', 'São Paulo');
INSERT INTO CEP (cep, rua, cidade) VALUES ('12345016', 'Rua Q', 'São Paulo');
INSERT INTO CEP (cep, rua, cidade) VALUES ('12345017', 'Rua R', 'São Paulo');
INSERT INTO CEP (cep, rua, cidade) VALUES ('12345018', 'Rua S', 'São Paulo');
INSERT INTO CEP (cep, rua, cidade) VALUES ('12345019', 'Rua T', 'São Paulo');

INSERT INTO Endereco (CPF, CEP, Numero) VALUES ('12345678901', '12345000', 10);
INSERT INTO Endereco (CPF, CEP, Numero) VALUES ('23456789012', '12345001', 20);
INSERT INTO Endereco (CPF, CEP, Numero) VALUES ('34567890123', '12345002', 30);
INSERT INTO Endereco (CPF, CEP, Numero) VALUES ('45678901234', '12345003', 40);
INSERT INTO Endereco (CPF, CEP, Numero) VALUES ('56789012345', '12345004', 50);
INSERT INTO Endereco (CPF, CEP, Numero) VALUES ('67890123456', '12345005', 60);
INSERT INTO Endereco (CPF, CEP, Numero) VALUES ('78901234567', '12345006', 70);
INSERT INTO Endereco (CPF, CEP, Numero) VALUES ('89012345678', '12345007', 80);

INSERT INTO Cargo (tipo_cargo, salario) VALUES ('Atendente de bilheteria', 1500.00);
INSERT INTO Cargo (tipo_cargo, salario) VALUES ('Gerente de cinema', 4000.00);
INSERT INTO Cargo (tipo_cargo, salario) VALUES ('Gerente geral', 6000.00);
INSERT INTO Cargo (tipo_cargo, salario) VALUES ('Limpeza', 1200.00);
INSERT INTO Cargo (tipo_cargo, salario) VALUES ('Atendente de sala de cinema', 1400.00);
INSERT INTO Cargo (tipo_cargo, salario) VALUES ('Técnico de som', 3500.00);
INSERT INTO Cargo (tipo_cargo, salario) VALUES ('Técnico de projeção', 4000.00);

INSERT INTO Funcionario (CPF, cadastro_funcionario, cargo, supervisor_cadastro) VALUES ('12345678901', Funcionario_seq.NEXTVAL, 'Atendente de bilheteria', NULL);
INSERT INTO Funcionario (CPF, cadastro_funcionario, cargo, supervisor_cadastro) VALUES ('23456789012', Funcionario_seq.NEXTVAL, 'Gerente de cinema', NULL);
INSERT INTO Funcionario (CPF, cadastro_funcionario, cargo, supervisor_cadastro) VALUES ('34567890123', Funcionario_seq.NEXTVAL, 'Gerente geral', NULL);
INSERT INTO Funcionario (CPF, cadastro_funcionario, cargo, supervisor_cadastro) VALUES ('45678901234', Funcionario_seq.NEXTVAL, 'Limpeza', 3);
INSERT INTO Funcionario (CPF, cadastro_funcionario, cargo, supervisor_cadastro) VALUES ('56789012345', Funcionario_seq.NEXTVAL, 'Atendente de sala de cinema', 2);
INSERT INTO Funcionario (CPF, cadastro_funcionario, cargo, supervisor_cadastro) VALUES ('67890123456', Funcionario_seq.NEXTVAL, 'Técnico de som', 3);
INSERT INTO Funcionario (CPF, cadastro_funcionario, cargo, supervisor_cadastro) VALUES ('78901234567', Funcionario_seq.NEXTVAL, 'Técnico de projeção', 3);
INSERT INTO Funcionario (CPF, cadastro_funcionario, cargo, supervisor_cadastro) VALUES ('89012345678', Funcionario_seq.NEXTVAL, 'Atendente de bilheteria', 2);
INSERT INTO Funcionario (CPF, cadastro_funcionario, cargo, supervisor_cadastro) VALUES ('90123456789', Funcionario_seq.NEXTVAL, 'Limpeza', 3);


INSERT INTO Cliente (CPF, fidelidade) VALUES ('10234567891', 1);
INSERT INTO Cliente (CPF, fidelidade) VALUES ('11234567892', 0);
INSERT INTO Cliente (CPF, fidelidade) VALUES ('12234567893', 0);
INSERT INTO Cliente (CPF, fidelidade) VALUES ('13234567894', 1);
INSERT INTO Cliente (CPF, fidelidade) VALUES ('14234567895', 0);
INSERT INTO Cliente (CPF, fidelidade) VALUES ('15234567896', 0);
INSERT INTO Cliente (CPF, fidelidade) VALUES ('16234567897', 1);
INSERT INTO Cliente (CPF, fidelidade) VALUES ('17234567898', 0);
INSERT INTO Cliente (CPF, fidelidade) VALUES ('18234567899', 1);
INSERT INTO Cliente (CPF, fidelidade) VALUES ('19234567900', 0);
INSERT INTO Cliente (CPF, fidelidade) VALUES ('20234567901', 0);
INSERT INTO Cliente (CPF, fidelidade) VALUES ('21234567902', 1);
INSERT INTO Cliente (CPF, fidelidade) VALUES ('22234567903', 0);
INSERT INTO Cliente (CPF, fidelidade) VALUES ('23234567904', 0);
INSERT INTO Cliente (CPF, fidelidade) VALUES ('24234567905', 1);
INSERT INTO Cliente (CPF, fidelidade) VALUES ('01234567890', 0);

INSERT INTO Ingresso (codigo_ingresso, tipo_ingresso, valor) VALUES ('001', 'M', 50);
INSERT INTO Ingresso (codigo_ingresso, tipo_ingresso, valor) VALUES ('001', 'I', 100);

INSERT INTO Ingresso (codigo_ingresso, tipo_ingresso, valor) VALUES ('002', 'M', 60);
INSERT INTO Ingresso (codigo_ingresso, tipo_ingresso, valor) VALUES ('002', 'I', 120);

INSERT INTO Ingresso (codigo_ingresso, tipo_ingresso, valor) VALUES ('003', 'M', 40);
INSERT INTO Ingresso (codigo_ingresso, tipo_ingresso, valor) VALUES ('003', 'I', 80);

INSERT INTO Ingresso (codigo_ingresso, tipo_ingresso, valor) VALUES ('004', 'M', 30);
INSERT INTO Ingresso (codigo_ingresso, tipo_ingresso, valor) VALUES ('004', 'I', 60);

INSERT INTO Ingresso (codigo_ingresso, tipo_ingresso, valor) VALUES ('005', 'M', 70);
INSERT INTO Ingresso (codigo_ingresso, tipo_ingresso, valor) VALUES ('005', 'I', 140);

INSERT INTO Ingresso (codigo_ingresso, tipo_ingresso, valor) VALUES ('006', 'M', 45);
INSERT INTO Ingresso (codigo_ingresso, tipo_ingresso, valor) VALUES ('006', 'I', 90);

INSERT INTO Ingresso (codigo_ingresso, tipo_ingresso, valor) VALUES ('007', 'M', 55);
INSERT INTO Ingresso (codigo_ingresso, tipo_ingresso, valor) VALUES ('007', 'I', 110);

INSERT INTO Ingresso (codigo_ingresso, tipo_ingresso, valor) VALUES ('008', 'M', 50);
INSERT INTO Ingresso (codigo_ingresso, tipo_ingresso, valor) VALUES ('008', 'I', 100);

INSERT INTO Ingresso (codigo_ingresso, tipo_ingresso, valor) VALUES ('009', 'M', 80);
INSERT INTO Ingresso (codigo_ingresso, tipo_ingresso, valor) VALUES ('009', 'I', 160);

INSERT INTO Ingresso (codigo_ingresso, tipo_ingresso, valor) VALUES ('010', 'M', 20);
INSERT INTO Ingresso (codigo_ingresso, tipo_ingresso, valor) VALUES ('010', 'I', 40);

INSERT INTO Ingresso (codigo_ingresso, tipo_ingresso, valor) VALUES ('011', 'M', 10);
INSERT INTO Ingresso (codigo_ingresso, tipo_ingresso, valor) VALUES ('011', 'I', 20);

INSERT INTO Ingresso (codigo_ingresso, tipo_ingresso, valor) VALUES ('012', 'M', 15);
INSERT INTO Ingresso (codigo_ingresso, tipo_ingresso, valor) VALUES ('012', 'I', 30);

INSERT INTO Ingresso (codigo_ingresso, tipo_ingresso, valor) VALUES ('013', 'M', 18);
INSERT INTO Ingresso (codigo_ingresso, tipo_ingresso, valor) VALUES ('013', 'I', 36);

INSERT INTO Cupom (id_cupom, desconto) VALUES (1, 0.10);
INSERT INTO Cupom (id_cupom, desconto) VALUES (2, 0.20);
INSERT INTO Cupom (id_cupom, desconto) VALUES (3, 0.30);
INSERT INTO Cupom (id_cupom, desconto) VALUES (4, 0.40);
INSERT INTO Cupom (id_cupom, desconto) VALUES (5, 0.50);

-- Compra 1
INSERT INTO Compra (CPF, codigo_ingresso, tipo_ingresso, id_cupom, data_compra)
VALUES ('01234567890', '001', 'M', NULL, TO_DATE('2023-02-20','YYYY-MM-DD'));

-- Compra 2
INSERT INTO Compra (CPF, codigo_ingresso, tipo_ingresso, id_cupom, data_compra)
VALUES ('10234567891', '002', 'M', 1, TO_DATE('2023-02-21','YYYY-MM-DD'));

-- Compra 3
INSERT INTO Compra (CPF, codigo_ingresso, tipo_ingresso, id_cupom, data_compra)
VALUES ('11234567892', '003', 'I', 3, TO_DATE('2023-02-22','YYYY-MM-DD'));

-- Compra 4
INSERT INTO Compra (CPF, codigo_ingresso, tipo_ingresso, id_cupom, data_compra)
VALUES ('12234567893', '004', 'I', 4, TO_DATE('2023-02-23','YYYY-MM-DD'));

-- Compra 5
INSERT INTO Compra (CPF, codigo_ingresso, tipo_ingresso, id_cupom, data_compra)
VALUES ('13234567894', '005', 'M', NULL, TO_DATE('2023-02-24','YYYY-MM-DD'));

-- Compra 6
INSERT INTO Compra (CPF, codigo_ingresso, tipo_ingresso, id_cupom, data_compra)
VALUES ('14234567895', '006', 'I', NULL, TO_DATE('2023-02-25','YYYY-MM-DD'));

-- Compra 7
INSERT INTO Compra (CPF, codigo_ingresso, tipo_ingresso, id_cupom, data_compra)
VALUES ('15234567896', '007', 'M', NULL, TO_DATE('2023-02-26','YYYY-MM-DD'));

-- Compra 8
INSERT INTO Compra (CPF, codigo_ingresso, tipo_ingresso, id_cupom, data_compra)
VALUES ('16234567897', '008', 'I', NULL, TO_DATE('2023-02-27','YYYY-MM-DD'));

-- Compra 9
INSERT INTO Compra (CPF, codigo_ingresso, tipo_ingresso, id_cupom, data_compra)
VALUES ('17234567898', '009', 'M', 4, TO_DATE('2023-02-28','YYYY-MM-DD'));

-- Compra 10
INSERT INTO Compra (CPF, codigo_ingresso, tipo_ingresso, id_cupom, data_compra)
VALUES ('18234567899', '010', 'I', 1, TO_DATE('2023-03-01','YYYY-MM-DD'));

-- Compra 11
INSERT INTO Compra (CPF, codigo_ingresso, tipo_ingresso, id_cupom, data_compra)
VALUES ('19234567900', '011', 'M', NULL, TO_DATE('2023-03-02','YYYY-MM-DD'));

-- Compra 12
INSERT INTO Compra (CPF, codigo_ingresso, tipo_ingresso, id_cupom, data_compra)
VALUES ('20234567901', '012', 'I', 3, TO_DATE('2023-03-03','YYYY-MM-DD'));

-- Compra 13
INSERT INTO Compra (CPF, codigo_ingresso, tipo_ingresso, id_cupom, data_compra)
VALUES ('21234567902', '013', 'M', 2, TO_DATE('2023-03-04','YYYY-MM-DD'));

INSERT INTO Filme (id_filme, genero, classificacao, nome, duracao, diretor) 
VALUES (1, 'Drama', '14', 'O Poderoso Chefão', '02:55', 'Francis Ford Coppola');

INSERT INTO Filme (id_filme, genero, classificacao, nome, duracao, diretor) 
VALUES (2, 'Ação', '16', 'Kill Bill', '01:52', 'Quentin Tarantino');

INSERT INTO Filme (id_filme, genero, classificacao, nome, duracao, diretor) 
VALUES (3, 'Comédia', '12', 'Debi & Loide', '01:47', 'Peter Farrelly');

INSERT INTO Filme (id_filme, genero, classificacao, nome, duracao, diretor) 
VALUES (4, 'Terror', '18', 'O Exorcista', '02:12', 'William Friedkin');

INSERT INTO Filme (id_filme, genero, classificacao, nome, duracao, diretor) 
VALUES (5, 'Ficção Científica', '10', '2001: Uma Odisseia no Espaço', '02:28', 'Stanley Kubrick');

INSERT INTO Filme (id_filme, genero, classificacao, nome, duracao, diretor) 
VALUES (6, 'Aventura', 'Livre', 'Indiana Jones e Os Caçadores da Arca Perdida', '01:55', 'Steven Spielberg');

-- Elenco de O Poderoso Chefão
INSERT INTO Elenco (id_filme, nome_ator)
VALUES (1, 'Marlon Brando');

INSERT INTO Elenco (id_filme, nome_ator)
VALUES (1, 'Al Pacino');

INSERT INTO Elenco (id_filme, nome_ator)
VALUES (1, 'James Caan');

-- Elenco de Kill Bill
INSERT INTO Elenco (id_filme, nome_ator)
VALUES (2, 'Uma Thurman');

INSERT INTO Elenco (id_filme, nome_ator)
VALUES (2, 'David Carradine');

INSERT INTO Elenco (id_filme, nome_ator)
VALUES (2, 'Lucy Liu');

-- Elenco de Debi & Loide
INSERT INTO Elenco (id_filme, nome_ator)
VALUES (3, 'Jim Carrey');

INSERT INTO Elenco (id_filme, nome_ator)
VALUES (3, 'Jeff Daniels');

-- Elenco de O Exorcista
INSERT INTO Elenco (id_filme, nome_ator)
VALUES (4, 'Ellen Burstyn');

INSERT INTO Elenco (id_filme, nome_ator)
VALUES (4, 'Max von Sydow');

INSERT INTO Elenco (id_filme, nome_ator)
VALUES (4, 'Linda Blair');

-- Elenco de 2001: Uma Odisseia no Espaço
INSERT INTO Elenco (id_filme, nome_ator)
VALUES (5, 'Keir Dullea');

INSERT INTO Elenco (id_filme, nome_ator)
VALUES (5, 'Gary Lockwood');

-- Elenco de Indiana Jones e Os Caçadores da Arca Perdida
INSERT INTO Elenco (id_filme, nome_ator)
VALUES (6, 'Harrison Ford');

INSERT INTO Elenco (id_filme, nome_ator)
VALUES (6, 'Karen Allen');

INSERT INTO Elenco (id_filme, nome_ator)
VALUES (6, 'Paul Freeman');

INSERT INTO Sala (id_sala, capacidade) VALUES (1, 10);
INSERT INTO Sala (id_sala, capacidade) VALUES (2, 8);
INSERT INTO Sala (id_sala, capacidade) VALUES (3, 6);
INSERT INTO Sala (id_sala, capacidade) VALUES (4, 10);
INSERT INTO Sala (id_sala, capacidade) VALUES (5, 8);

--sala 1
INSERT INTO Assento (id_sala, cod_assento, tipo_assento) VALUES (1, 1, 'Padrão');
INSERT INTO Assento (id_sala, cod_assento, tipo_assento) VALUES (1, 2, 'Padrão');
INSERT INTO Assento (id_sala, cod_assento, tipo_assento) VALUES (1, 3, 'Obeso');
INSERT INTO Assento (id_sala, cod_assento, tipo_assento) VALUES (1, 4, 'Obeso');
INSERT INTO Assento (id_sala, cod_assento, tipo_assento) VALUES (1, 5, 'Deficiente');
INSERT INTO Assento (id_sala, cod_assento, tipo_assento) VALUES (1, 6, 'Deficiente');
INSERT INTO Assento (id_sala, cod_assento, tipo_assento) VALUES (1, 7, 'Criança');
INSERT INTO Assento (id_sala, cod_assento, tipo_assento) VALUES (1, 8, 'Criança');
INSERT INTO Assento (id_sala, cod_assento, tipo_assento) VALUES (1, 9, 'Padrão');
INSERT INTO Assento (id_sala, cod_assento, tipo_assento) VALUES (1, 10, 'Padrão');

-- sala 2
INSERT INTO Assento (id_sala, cod_assento, tipo_assento) VALUES (2, 1, 'Padrão');
INSERT INTO Assento (id_sala, cod_assento, tipo_assento) VALUES (2, 2, 'Padrão');
INSERT INTO Assento (id_sala, cod_assento, tipo_assento) VALUES (2, 3, 'Obeso');
INSERT INTO Assento (id_sala, cod_assento, tipo_assento) VALUES (2, 4, 'Obeso');
INSERT INTO Assento (id_sala, cod_assento, tipo_assento) VALUES (2, 5, 'Deficiente');
INSERT INTO Assento (id_sala, cod_assento, tipo_assento) VALUES (2, 6, 'Deficiente');
INSERT INTO Assento (id_sala, cod_assento, tipo_assento) VALUES (2, 7, 'Padrão');
INSERT INTO Assento (id_sala, cod_assento, tipo_assento) VALUES (2, 8, 'Padrão');

-- sala 3
INSERT INTO Assento (id_sala, cod_assento, tipo_assento) VALUES (3, 1, 'Padrão');
INSERT INTO Assento (id_sala, cod_assento, tipo_assento) VALUES (3, 2, 'Padrão');
INSERT INTO Assento (id_sala, cod_assento, tipo_assento) VALUES (3, 3, 'Obeso');
INSERT INTO Assento (id_sala, cod_assento, tipo_assento) VALUES (3, 4, 'Deficiente');
INSERT INTO Assento (id_sala, cod_assento, tipo_assento) VALUES (3, 5, 'Padrão');
INSERT INTO Assento (id_sala, cod_assento, tipo_assento) VALUES (3, 6, 'Padrão');

-- sala 4
INSERT INTO Assento (id_sala, cod_assento, tipo_assento) VALUES (4, 1, 'Padrão');
INSERT INTO Assento (id_sala, cod_assento, tipo_assento) VALUES (4, 2, 'Padrão');
INSERT INTO Assento (id_sala, cod_assento, tipo_assento) VALUES (4, 3, 'Padrão');
INSERT INTO Assento (id_sala, cod_assento, tipo_assento) VALUES (4, 4, 'Padrão');
INSERT INTO Assento (id_sala, cod_assento, tipo_assento) VALUES (4, 5, 'Padrão');
INSERT INTO Assento (id_sala, cod_assento, tipo_assento) VALUES (4, 6, 'Padrão');
INSERT INTO Assento (id_sala, cod_assento, tipo_assento) VALUES (4, 7, 'Padrão');
INSERT INTO Assento (id_sala, cod_assento, tipo_assento) VALUES (4, 8, 'Padrão');
INSERT INTO Assento (id_sala, cod_assento, tipo_assento) VALUES (4, 9, 'Obeso');
INSERT INTO Assento (id_sala, cod_assento, tipo_assento) VALUES (4, 10, 'Deficiente');

-- sala 5
INSERT INTO Assento (id_sala, cod_assento, tipo_assento) VALUES (5, 1, 'Padrão');
INSERT INTO Assento (id_sala, cod_assento, tipo_assento) VALUES (5, 2, 'Padrão');
INSERT INTO Assento (id_sala, cod_assento, tipo_assento) VALUES (5, 3, 'Padrão');
INSERT INTO Assento (id_sala, cod_assento, tipo_assento) VALUES (5, 4, 'Padrão');
INSERT INTO Assento (id_sala, cod_assento, tipo_assento) VALUES (5, 5, 'Padrão');
INSERT INTO Assento (id_sala, cod_assento, tipo_assento) VALUES (5, 6, 'Padrão');
INSERT INTO Assento (id_sala, cod_assento, tipo_assento) VALUES (5, 7, 'Padrão');
INSERT INTO Assento (id_sala, cod_assento, tipo_assento) VALUES (5, 8, 'Padrão');
INSERT INTO Assento (id_sala, cod_assento, tipo_assento) VALUES (5, 9, 'Criança');
INSERT INTO Assento (id_sala, cod_assento, tipo_assento) VALUES (5, 10, 'Criança');

-- Reservas para o filme 'O Poderoso Chefão' na sala 1 em 2023-03-05
INSERT INTO Reserva (id_filme, cod_ingresso, id_sala, cod_assento, tipo_ingresso, data)
VALUES (1, '001', 1, 1, 'M', TO_DATE('2023-03-05', 'YYYY-MM-DD'));
INSERT INTO Reserva (id_filme, cod_ingresso, id_sala, cod_assento, tipo_ingresso, data)
VALUES (1, '001', 1, 2, 'M', TO_DATE('2023-03-05', 'YYYY-MM-DD'));
INSERT INTO Reserva (id_filme, cod_ingresso, id_sala, cod_assento, tipo_ingresso, data)
VALUES (1, '002', 1, 3, 'I', TO_DATE('2023-03-05', 'YYYY-MM-DD'));
INSERT INTO Reserva (id_filme, cod_ingresso, id_sala, cod_assento, tipo_ingresso, data)
VALUES (1, '002', 1, 4, 'I', TO_DATE('2023-03-05', 'YYYY-MM-DD'));

-- Reservas para o filme 'Kill Bill' na sala 2 em 2023-03-06
INSERT INTO Reserva (id_filme, cod_ingresso, id_sala, cod_assento, tipo_ingresso, data)
VALUES (2, '003', 2, 1, 'M', TO_DATE('2023-03-06', 'YYYY-MM-DD'));
INSERT INTO Reserva (id_filme, cod_ingresso, id_sala, cod_assento, tipo_ingresso, data)
VALUES (2, '003', 2, 2, 'M', TO_DATE('2023-03-06', 'YYYY-MM-DD'));
INSERT INTO Reserva (id_filme, cod_ingresso, id_sala, cod_assento, tipo_ingresso, data)
VALUES (2, '004', 2, 3, 'I', TO_DATE('2023-03-06', 'YYYY-MM-DD'));
INSERT INTO Reserva (id_filme, cod_ingresso, id_sala, cod_assento, tipo_ingresso, data)
VALUES (2, '004', 2, 4, 'I', TO_DATE('2023-03-06', 'YYYY-MM-DD'));

-- Reservas para o filme 'Debi & Loide' na sala 3 em 2023-03-07
INSERT INTO Reserva (id_filme, cod_ingresso, id_sala, cod_assento, tipo_ingresso, data)
VALUES (3, '005', 3, 1, 'M', TO_DATE('2023-03-07', 'YYYY-MM-DD'));
INSERT INTO Reserva (id_filme, cod_ingresso, id_sala, cod_assento, tipo_ingresso, data)
VALUES (3, '005', 3, 2, 'M', TO_DATE('2023-03-07', 'YYYY-MM-DD'));
INSERT INTO Reserva (id_filme, cod_ingresso, id_sala, cod_assento, tipo_ingresso, data)
VALUES (3, '006', 3, 3, 'I', TO_DATE('2023-03-07', 'YYYY-MM-DD'));
INSERT INTO Reserva (id_filme, cod_ingresso, id_sala, cod_assento, tipo_ingresso, data)
VALUES (3, '006', 3, 4, 'I', TO_DATE('2023-03-07', 'YYYY-MM-DD'));

-- Limpa a sala 1 no dia 01/03/2023
INSERT INTO Limpa (data, CPF_Funcionario, id_sala) VALUES (TO_DATE('2023-03-01', 'YYYY-MM-DD'), '45678901234', 1);

-- Limpa a sala 2 no dia 02/03/2023
INSERT INTO Limpa (data, CPF_Funcionario, id_sala) VALUES (TO_DATE('2023-03-02', 'YYYY-MM-DD'), '90123456789', 2);

-- Limpa a sala 3 no dia 03/03/2023
INSERT INTO Limpa (data, CPF_Funcionario, id_sala) VALUES (TO_DATE('2023-03-03', 'YYYY-MM-DD'), '45678901234', 3);

-- Limpa a sala 4 no dia 04/03/2023
INSERT INTO Limpa (data, CPF_Funcionario, id_sala) VALUES (TO_DATE('2023-03-04', 'YYYY-MM-DD'), '90123456789', 4);

-- Limpa a sala 5 no dia 05/03/2023
INSERT INTO Limpa (data, CPF_Funcionario, id_sala) VALUES (TO_DATE('2023-03-05', 'YYYY-MM-DD'), '45678901234', 5);